Workbook

Sheet Tanpa Kelas atau Rombel
A1: Nama | B1: NISN | C1: NIK | D1: Tempat Lahir | E1: Tanggal Lahir | F1: Kelas | G1: Jenis Kelamin | H1: Alamat | I1: Nama Ayah Kandung | J1: Nama Ibu Kandung | K1: Nama Wali
A2: ABBASY AFNAN DAISAM | B2: 0136474090 | C2: '3671051912130001 | D2: TANGERANG | E2: 2013-12-19 | F2: Kelas 6 | G2: Laki-laki | H2: Jl. Anggrek RT. 004/002 CIPONDOH MAKMUR, CIPONDOH, KOTA TANGERANG, BANTEN, 15148, 15148 | I2: DIDING SURYANTO PERMANA | J2: YUYUN YUNINGSIH | K2: DIDING SURYANTO PERMANA
A3: ABDURAHMAN AL MAGHRIBI | B3: 0135581216 | C3: '3671080304130007 | D3: TANGERANG | E3: 2013-04-03 | F3: Kelas 6 | G3: Laki-laki | H3: SIPON CIPONDOH MAKMUR, CIPONDOH, KOTA TANGERANG, BANTEN, 15148, 15148 | I3: FUAD HASIM | J3: NURHIKMAH HANDAYANI | K3: FUAD HASIM
A4: ABIDZAR ALGIFARI | B4: 3133344922 | C4: '3671090908130002 | D4: TANGERANG | E4: 2013-08-09 | F4: Kelas 6 | G4: Laki-laki | H4: Jl. Tampak Siring I No. 36 RT. 001/015 CIBODAS BARU, CIBODAS, KOTA TANGERANG, BANTEN, 15138, 15138 | I4: IMAN KURNIAWAN | J4: IKA NUR SAFA'ATUN | K4: IMAN KURNIAWAN
A5: ABISATYA RAMA ARDANA WIBOWO | B5: 0143897614 | C5: '3671050704140001 | D5: TANGERANG | E5: 2014-04-07 | F5: Kelas 6 | G5: Laki-laki | H5: Tugu Karya I RT. 003/012 CIPONDOH, CIPONDOH, KOTA TANGERANG, BANTEN, 15148, 15148 | I5: ROSADHI WIBOWO | J5: RITA NUR AISAH | K5: ROSADHI WIBOWO
A6: ADELIA IZATUNNISA ABDILLAH | B6: 0139404294 | C6: '3671054705130004 | D6: TANGERANG | E6: 2013-05-07 | F6: Kelas 6 | G6: Perempuan | H6: Cipondoh Makmur PORIS PLAWAD, CIPONDOH, KOTA TANGERANG, BANTEN, 15148, 15148 | I6: DENIS SYAM ABDULLAH | J6: RISKA FEBRIANA | K6: DENIS SYAM ABDULLAH
A7: AFAF GAZANI FAUZIAH | B7: 3146509977 | C7: '3671050511140001 | D7: TANGERANG | E7: 2014-11-05 | F7: Kelas 6 | G7: Laki-laki | H7: Jl. H. Udin RT. 004/005 PORIS PLAWAD UTARA, CIPONDOH, KOTA TANGERANG, BANTEN, 15141, 15141 | I7: ILHAM FAUZI | J7: FITRI CODARIAH | K7: ILHAM FAUZI
A8: AHMAD IMAM SYAFII | B8: 0136666005 | C8: '3173062304131008 | D8: JAKARTA | E8: 2013-04-23 | F8: Kelas 6 | G8: Laki-laki | H8: Cipondoh Makmur CIPONDOH MAKMUR, CIPONDOH, KOTA TANGERANG, BANTEN, 15148, 15148 | I8: AHMAD HOLIL | J8: IIN KHAIRINA | K8: AHMAD HOLIL
A9: AHMED VIGO WIRASENA | B9: 3136499089 | C9: '3173010305131004 | D9: JAKARTA | E9: 2013-05-03 | F9: Kelas 6 | G9: Laki-laki | H9: Kapuk Kebon Jahe RT.005/003 KAPUK, CENGKARENG, KOTA ADM. JAKARTA BARAT, DAERAH KHUSUS IBUKOTA JAKARTA, 11720, 11720 | I9: Kabul Ashari | J9: EVI SELFIANTI | K9: Kabul Ashari
A10: AINUN MAHYA | B10: 0146114890 | C10: '3671056306140002 | D10: JAKARTA | E10: 2014-06-23 | F10: Kelas 6 | G10: Perempuan | H10: Gg. Parit RT. 003/010 CIPONDOH, CIPONDOH, KOTA TANGERANG, BANTEN, 15148, 15148 | I10: AKHMAD YASKUR | J10: BUNGA FAJAR | K10: AKHMAD YASKUR
A11: AINUN NAZILA MASHWA | B11: 0144546029 | C11: '3671056706140003 | D11: TANGERANG | E11: 2014-06-27 | F11: Kelas 6 | G11: Perempuan | H11: KO. Buana Permai Blok L/25 RT. 005/009 CIPONDOH, CIPONDOH, KOTA TANGERANG, BANTEN, 15148, 15148 | I11: ARIF MASHAR | J11: ERNAWATI | K11: ARIF MASHAR
A12: AISYAH INDRIANI HERLIDA | B12: 0136047126 | C12: '3671055708130005 | D12: TANGERANG | E12: 2013-08-17 | F12: Kelas 6 | G12: Perempuan | H12: Jl. Irigasi Kp. Gunung RT. 006/003 CIPONDOH INDAH, CIPONDOH, KOTA TANGERANG, BANTEN, 15148, 15148 | I12: INDRA WAHYUDI | J12: YULIDA HERFI | K12: INDRA WAHYUDI
... A102: ZULHAM GATRA ARDIANTA | B102: 0131505166 | C102: '3671051007130002 | D102: TANGERANG | E102: 2013-07-10 | F102: Kelas 6 | G102: Laki-laki | H102: Jl. Irigasi RT. 001/004 PORIS PLAWAD UTARA, CIPONDOH, KOTA TANGERANG, BANTEN, 15141, 15141 | I102: AHMAD SAMSUL HADI | J102: NURHAYATI | K102: AHMAD SAMSUL HADI

Sheet Sheet1
A1: No. | B1: Nama Siswa | C1: Kelas | D1: Keterangan
A2: ='Tanpa Kelas atau Rombel'!#REF! -> #REF! | B2: ='Tanpa Kelas atau Rombel'!A2 -> ABBASY AFNAN DAISAM | C2: ='Tanpa Kelas atau Rombel'!F2 -> Kelas 6
A3: ='Tanpa Kelas atau Rombel'!#REF! -> #REF! | B3: ='Tanpa Kelas atau Rombel'!A3 -> ABDURAHMAN AL MAGHRIBI | C3: ='Tanpa Kelas atau Rombel'!F3 -> Kelas 6
A4: ='Tanpa Kelas atau Rombel'!#REF! -> #REF! | B4: ='Tanpa Kelas atau Rombel'!A4 -> ABIDZAR ALGIFARI | C4: ='Tanpa Kelas atau Rombel'!F4 -> Kelas 6
A5: ='Tanpa Kelas atau Rombel'!#REF! -> #REF! | B5: ='Tanpa Kelas atau Rombel'!A5 -> ABISATYA RAMA ARDANA WIBOWO | C5: ='Tanpa Kelas atau Rombel'!F5 -> Kelas 6
A6: ='Tanpa Kelas atau Rombel'!#REF! -> #REF! | B6: ='Tanpa Kelas atau Rombel'!A6 -> ADELIA IZATUNNISA ABDILLAH | C6: ='Tanpa Kelas atau Rombel'!F6 -> Kelas 6
A7: ='Tanpa Kelas atau Rombel'!#REF! -> #REF! | B7: ='Tanpa Kelas atau Rombel'!A7 -> AFAF GAZANI FAUZIAH | C7: ='Tanpa Kelas atau Rombel'!F7 -> Kelas 6
A8: ='Tanpa Kelas atau Rombel'!#REF! -> #REF! | B8: ='Tanpa Kelas atau Rombel'!A8 -> AHMAD IMAM SYAFII | C8: ='Tanpa Kelas atau Rombel'!F8 -> Kelas 6
A9: ='Tanpa Kelas atau Rombel'!#REF! -> #REF! | B9: ='Tanpa Kelas atau Rombel'!A9 -> AHMED VIGO WIRASENA | C9: ='Tanpa Kelas atau Rombel'!F9 -> Kelas 6
A10: ='Tanpa Kelas atau Rombel'!#REF! -> #REF! | B10: ='Tanpa Kelas atau Rombel'!A10 -> AINUN MAHYA | C10: ='Tanpa Kelas atau Rombel'!F10 -> Kelas 6
A11: ='Tanpa Kelas atau Rombel'!#REF! -> #REF! | B11: ='Tanpa Kelas atau Rombel'!A11 -> AINUN NAZILA MASHWA | C11: ='Tanpa Kelas atau Rombel'!F11 -> Kelas 6
A12: ='Tanpa Kelas atau Rombel'!#REF! -> #REF! | B12: ='Tanpa Kelas atau Rombel'!A12 -> AISYAH INDRIANI HERLIDA | C12: ='Tanpa Kelas atau Rombel'!F12 -> Kelas 6
A13: ='Tanpa Kelas atau Rombel'!#REF! -> #REF! | B13: ='Tanpa Kelas atau Rombel'!A13 -> ALESHA ZAHRA NURWANDI | C13: ='Tanpa Kelas atau Rombel'!F13 -> Kelas 6
... A102: ='Tanpa Kelas atau Rombel'!#REF! -> #REF! | B102: ='Tanpa Kelas atau Rombel'!A102 -> ZULHAM GATRA ARDIANTA | C102: ='Tanpa Kelas atau Rombel'!F102 -> Kelas 6
